#NAME?,新股上市首日有涨跌幅限制吗？
做新股申购有什么限制条件吗？_顶牛股,新股申购有数量要求吗？
"做市转让或协议转让,会是新三板教育公司趋势吗？|界面新闻 ・ JMedia",新三板协议转让有哪些成交情况？
做市转让或协议转让 会是新三板教育公司趋势吗？,新三板协议转让有哪些成交情况？
做市指数八连阳 哪些新三板企业获得资金流入？,新三板有哪些指数？
做市商是什么意思？做市商交易模式是什么？,新三板可以做融资融券交易吗？
"做市交易遭嫌弃,新三板企业频繁转协议为哪般？",新三板协议转让有哪些成交情况？
做市交易收盘的规则是什么？,新三板做市转让的申报规则？
做市交易收盘的规则是什么？,新三板协议转让的成交规则？
做市交易给新三板企业带来什么改变？,新三板股价变动单位？
做什么赚钱最快最稳定,新三板股票的即时行情包含哪些要素？
做融资融券交易的流程具体是怎样的？,新三板可以做融资融券交易吗？
"做恒生指数,现账户后台出错,资金无法转出,怎么办,通过什么办",为何账户有资金无法转出？
做股票怎么开户,新股上市首日委托买入为何作废？
"坐拥新三板,盘点你该懂的融资模式（上篇） | Harries Blog?",新三板市场是如何披露信息？
"作为一名大学生,可用的余钱不多,想问一下小额资金如何理财？",为什么资金可用不可取？
最新信用账户有股票市值没有资金如何申购新股,信用账户的股票可以申购ETF基金吗？
最新新股网上申购规则 网上申购新股的中签抽签规则是怎么样的？是不...,新股申购有数量要求吗？
最新新股网上申购规则 网上申购新股的中签抽签规则是怎么样的？是不...,新股申购的条件？
最新新股网上申购规则 网上申购新股的中签抽签规则是怎么样的？是不...,新股申购的配号规则？
最新新股申购流程：新股如何申购？ 新股申购流程一览,信用账户如何查询新股申购额度？
最新新股申购流程：新股如何申购？ 新股申购流程一览,新股申购的市值计算范围？
最新新股申购流程：新股如何申购？ 新股申购流程一览,新股申购的配号规则？
"最新规定如何申购新股 申购新股,有什么新规定",新股申购有数量要求吗？
最新发行最近新股发行一览表申购有哪些,新股申购有数量要求吗？
最新发行最近新股发行一览表申购有哪些,新股申购有何注意事项？
最新的股票交易卖出规则是什么？,新股上市首日委托买入为何作废？
最新的打新股的具体流程是什么？,新股申购可以撤单吗？
最新待发行新股申购一览表 新股最多申购多少股,新股申购有数量要求吗？
最近证券转银行为什么转不出去 可以转入,证券转银行为什么转不了？
最近有什么可转债发行？附17日可转债购买指南,信用账户如何操作配债？
"最近没有用普通账户炒股了,都是用信用账户,现在要打新,如何操作...",信用账户可以交易哪些股票？
"最近没有用普通账户炒股了,都是用信用账户,现在要打新,如何操作...",信用账户开通条件
"最近没有用普通账户炒股了,都是用信用账户,现在要打新,如何操作...",信用账户的使用限制
"最近靠打新股赚了十几万,如何提高新股中签率？",信用账户的现金资产为何不能进行新股中签款缴款？
"最近靠打新股赚了十几万,如何提高新股中签率？",新股上市前一交易日晚上能否提前下单？
最近泛亚的事件是怎么一回事？专业人士都是如何看待的？,新三板股票清算交收规则？
组个4屏或6屏电脑炒股用什么软件,银证转账的时间？
足球信誉网怎么开户,信用账户可以网上开通吗？
足球是多少人踢,网下打新资格是否支持在多家券商间使用？
综合信用评分不足是什么意思,信用账户销户条件？
"自助注册客户单笔支付金额超限,是什么意思啊,",新股申购额度超限的原因？
自助开户后如何补办三方存管？,自助开户后如何补办三方存管？
自助开户后如何补办三方存管?,自助开户后如何补办三方存管？
自己手机账号密码忘了然后清楚数据了怎么办,手机账户密码忘记了怎么办
自己手机号码忘了怎么查|怎么查自己的手机号码,手机账号忘记了怎么办
自己手机号码忘了怎么查,手机账号忘记了怎么办
自己的手机号码忘了怎么查,手机账号忘记了怎么办
子账号可以开通花吗,信用账户可以网上开通吗？
子沐说新三板新政：新三板集合竞价如何实际操作 转让细则关于交易规...,新三版股票转让的计价单位？
子沐说新三板新政：新三板集合竞价如何实际操作 转让细则关于交易规...,新三板做市转让的申报规则？
资深投资者口述：我是如何在这轮股灾中被强平的,信用账户的股票可以申购ETF基金吗？
资金资金转到银行了为什么网关说禁止取款,为什么资金可用不可取？
资金账户转到银行卡要多少时间,信用证券账户卡遗失应如何处理？
"资金在“可用”,没在&quot；可取“。是什么原因？今天没操作过...",为什么资金可用不可取？
"资金在“可用”,没在＂可取“。是什么原因？今天没操作过,可用...",为何账户有资金无法转出？
资金余额、可用金额、可取金额是什么意思？_已解决,为什么资金可用不可取？
资金余额、可用金额、可取金额是什么意思？,为什么资金可用不可取？
资金配比是什么意思？,为什么资金可用不可取？
资金密码忘记怎么办。我的股票账户交易密码和资金密码不一致|投资理...,忘记交易密码怎么办？
资金密码忘记怎么办 怎么解决,忘记资金密码怎么办？
资金密码忘记该怎么办？,忘记资金密码怎么办？
"资金密码就是银行卡密码吗？还是另设的,如果忘记了怎么办？",忘记资金密码怎么办？
资金及时到位数怎样采集,银证转账的时间？
"资金股份中,有一个余额指的是什么？",为什么资金可用不可取？
"资金从证券转银行,为什么转不出",证券转银行为什么转不了？
资金从股票账户转银行 股票资金帐户怎么转到银行卡,为何账户有资金无法转出？
资管产品开征增值税有哪些新看点？,新三板股票协议转让的申报类型？
资产重组复牌后一定会涨吗？有限制吗？什么情况下不受限制？,新三板股票申报价格是否有涨跌幅限制？
资本市场的【新三板股份转让系统】有什么投资意义_视频在线观看,新三板股票进行交易的系统有哪些？
咨询一下 股指期货是否也能在信用账户操作？是否需要另开户？,信用账户可以网上开通吗？
"咨询关于退保的流程,以及看看这个行为是否是保险公司故意的行为。 ...",转账失败的原因？
咨询抚顺券商新股申购有哪些注意事项,新股申购有何注意事项？
"咨询,福州股票开户,福州股票开户哪里好,福州股票开户流程",银证转账的时间？
桌面怎样才能注销信用卡 怎样才能符合花呗分期条件 怎样才能办到信...,信用账户销户条件？
"桌面小米金融贷款账户异常,小米金融贷款上征信吗,小米金融贷款信...",信用证券账户可以注销后重新开户吗？
桌面趣分期怎么注销账号||注册了趣分期怎么注销||优分期账号怎么注销...,信用账户销户条件？
桌面花呗 还款建行信用卡账号支付：支付宝花呗还款可以用信用卡还吗...,信用账户的使用限制
桌面分期乐重置交易密码忘了怎么办/分期乐取现额度用光了怎么办/分...,忘记交易密码怎么办？
准备丢弃的银行卡该如何处置？,信用证券账户卡遗失应如何处理？
"准备炒股开户,如何省点佣金和手续费,另外哪家卷商比较好,请了解...",佣金与手续费的区别？
"装修款支付方式有几种,支持分期和信用卡吗",信用账户开通条件
"赚钱小神器――券商收益凭证,你了解吗？",信用账户可以购买非标的证券吗？
转账外汇有限额吗,外币证券转银行限额
转账时显示受取款或存款金额限制是怎么回事 爱问知识人,新股申购额度超限的原因？
转账失败原因是什么,转账失败的原因？
转账失败的原因?,转账失败的原因？
"转账冲正,有人懂吗？",转账失败的原因？
转债中签后会有短信通知吗？万一忘记交款是否影响打新？,新股中签会有短信通知吗？
转让新三板的股权是否缴纳增值税等热点问题,新三板股票转让交易有哪些费用？
转让公司股票应遵守哪些规定？,新三板股票的编码规则？
转进公司社保账户的钱如何转出,为何账户有资金无法转出？
转户需要先转出账户资金到卡内吗？,为何账户有资金无法转出？
专题研究：信用债特殊条款知多少？,信用账户如何操作配债？
注意！7月15日起 这些银行卡将被销户！自查你有吗？,信用账户销户条件？
"注销支付宝账号的具体条件是什么,谁来告诉我",信用账户销户条件？
"注销账户的条件是什么,我需要注意些什么？",信用账户销户条件？
"注销账户的条件是什么,我需要注意些什么？",信用账户开通条件
注销公司中 委托事项及权限怎么填_在线咨询王林超律师,网上委托权限如何取消？
注册制来了 一度火爆的新三板会被“抢戏”吗？|界面新闻 ・ 商业,新三板上市的股票可以转到主板交易吗？
注册投资公司交易新三板股票或股权有什么要求？,新三板股票的编码规则？
注册投资公司交易新三板股票或股权有什么要求?,新三板股票的编码规则？
"注册了日本站点,要开通美国和欧洲站点,是否需要再注册两个账户,...",信用账户可以网上开通吗？
注册公司后要做什么呢？――办理公司银行开户_上海注册公司网,信用账户开通条件
注册彩票网站忘了资金密码怎么办,忘记资金密码怎么办？
住房租赁资产证券化按是否转让标,信用账户可以购买非标的证券吗？
住房土地使用权到期怎么办？回应：尽快出台细则,新股申购受限后，到期是否需办理解限手续？
住房土地使用权到期了怎么办？ 多地面临“温州困境”,新股申购受限后，到期是否需办理解限手续？
住房土地使用权到期了该怎么办？相关部门人士表示物权保护将不断完...,新股申购受限后，到期是否需办理解限手续？
住房土地使用权到期了该怎么办？,新股申购受限后，到期是否需办理解限手续？
住房土地使用权到期该怎么办,新股申购受限后，到期是否需办理解限手续？
"住房公积金销户提取,有什么条件",信用账户销户条件？
住房公积金密码忘了怎么办_公积金密码忘了怎么办,忘记资金密码怎么办？
住房公积金密码忘了怎么办？_公积金贷款_贷款攻略,忘记资金密码怎么办？
住房公积金密码忘记怎么办,忘记资金密码怎么办？
住房公积金密码忘记了怎么办？,忘记资金密码怎么办？
住房公积金查询密码忘了怎么办,忘记资金密码怎么办？
住房贷款怎么办理？,信用账户开立后何时生效？
助学贷款管理系统扣款审批中什么意思,信用账户开立后何时生效？
助理理财规划师 | 什么值得下,新股申购额度超限的原因？
主板中小板创业板新三板区别 新三板上市有什么好处,新三板上市的股票可以转到主板交易吗？
"主板,中小板,创业板和新三板的区别是什么",新三板上市的股票可以转到主板交易吗？
逐条解读存管指引:商业银行的春天 6个月整改期 第三方支付怎么玩,网下打新缴款账号是否需与三方存管银行账号一致？
"株洲市哪家证券公司开户的佣金手续费比较低,融资融券利息是多少？...",佣金与手续费的区别？
珠海证券、股票开户?金太阳“0等待”“7*24小时”手机自助开户流...,自助开户后如何补办三方存管？
珠海股票开户哪家证券公司佣金最低可以万1需要多少资金,信用证券账户卡遗失应如何处理？
朱晓矗捍婵罨醣沂欠裢样适用民法“占有即所有”法则？,信用账户开立后何时生效？
"周五做1天的国债回购,周一早上资金到帐,可用,但不可取是为什么...",为什么资金可用不可取？
周五打新的什么时候可以查看是否中签？,新股中签会有短信通知吗？
周末能银证转账吗 十万个为什么,银证转账的时间？
周末跨行转账能到账吗 十万个为什么,转账失败的原因？
周末18大消息影响下周股市(附股?点评)!_股道自然,网下打新资格是否支持在多家券商间使用？
舟山网・大海网：银行账户就要分三类 支付宝微信钱包受影响吗,为何账户有资金无法转出？
"舟山大宗开户,开户流程有哪些,交易规格",信用账户三方存管的银行有哪些？
重组股票如何开盘 股票资产重组停牌后复牌会如何,新三板股价变动单位？
重新备案公章什么手续？,网下打新的备案条件？
重庆新三板的投资优势有哪些？,新三板协议转让有哪些成交情况？
重庆新三板的投资优势有哪些？,新三板上市的股票可以转到主板交易吗？
重庆新三板的投资优势有哪些？,新三板的投资者有哪些？
"重庆网上开户开哪家证券公司最好,佣金是多少？ 揭阳论坛 今题网",网上开户佣金是多少？
重庆时时彩中奖条件 | 福利彩票时时彩怎么玩,网下打新资格是否支持在多家券商间使用？
重庆时时彩怎么赚钱 | 重庆时时彩十位必中,新三板股票申报价格是否有涨跌幅限制？
重庆时时彩怎么注册的,网下打新资格是否支持在多家券商间使用？
重庆时时彩万位是多少 | 时时彩后三单式多少注,新三板股票的即时行情包含哪些要素？
重庆时时彩是骗局吗皇1恩|菲律宾一分彩开奖,同一客户可以开通多个港股通交易权限吗？
重庆时时彩十选五怎样赚钱,新三板股票的即时行情包含哪些要素？
重庆时时彩什么玩法好玩：,新股申购市值会合并计算多个证券账户的吗？
重庆时时彩就上新锦海 | 怎么解绑时时彩的银行卡,新股申购受限后，到期是否需办理解限手续？
重庆时时彩返点是什么,网下打新申报价格有什么规定？
重庆时时彩5号怎么追,忘记资金密码怎么办？
重庆时时宝贝彩计划 | 北京赛车如何盈利止损,新三板股票的即时行情包含哪些要素？
重庆期货最低手续费 我要开期货重庆期货公司佣金哪家最低？,佣金与手续费的区别？
重庆股票网上开户最低佣金是多少？？？ 朝天门理财,网上开户佣金是多少？
重庆股票开户选哪个证券公司佣金手续费最低,佣金与手续费的区别？
重庆炒股开户佣金一般是多少 最低是多少 重庆证券投资 今题网,网上开户佣金是多少？
重庆2017网上股票开户佣金最低是多少？,网上开户佣金是多少？
重庆100万资金炒股高频交易哪家券商的佣金手续费最低 重庆其他 今题...,佣金与手续费的区别？
重启IPO影子股有哪些,新股IPO网上发行制度有哪些修改？
重启IPO的原因是什么,新股IPO网上发行制度有哪些修改？
重获新生 *ST钒钛等多股将恢复上市 股价怎么定？,新股上市首日有涨跌幅限制吗？
重复申购新股资金被双倍冻结怎么办？,新股申购可以撤单吗？
"重复申购新股资金被双倍冻结,如何处理？",新股申购时会冻结资金吗？
"重复申购新股资金被双倍冻结,如何处理？",新股申购可以撤单吗？
"重复申购新股资金被双倍冻结,如何处理",新股申购时会冻结资金吗？
重大利好？迎来春天？新三板重磅改革到底有哪些看点？|界面新闻 ・ ...,新三板协议转让的成交规则？
重磅！新三板交易制度迎来重大变革！综合改革方案都有哪些看点？,新三板市场是如何披露信息？
重磅！新三板交易制度迎来重大变革！综合改革方案都有哪些看点？,新三板交易时间？
"重：福田汽车股票 磅喜讯,温州股票开户佣金手续费最低多少？万一",佣金与手续费的区别？
众拓贷忘记登陆密码/支付密码怎么办,忘记交易密码怎么办？
众投网有银行存管吗？安全性如何呢？_众投网问答,信用账户三方存管的银行有哪些？
众投网有没有第三方存管？想知道是什么银行呀_众投网问答,信用账户三方存管的银行有哪些？
众投网有没有第三方存管？想知道是什么银行呀_众投网问答,网下打新缴款账号是否需与三方存管银行账号一致？
众禄基金买卖网交易密码忘了怎么办？,忘记交易密码怎么办？
众禄基金买卖网交易密码忘记了怎么办？,忘记交易密码怎么办？
"终于知道两部手机怎么同时登入一个微信帐号了,不会影响对方不会掉...",同一个账号允许在不同的手机上同时登录吗？
中珠控股如何买卖？,银证转账的时间？
中只新股过年可好?节前10只新股可申购(附攻略),新股上市前一交易日晚上能否提前下单？
中原证券账户里的资金冻结无法转出怎么办【400,信用账户资金无法转出的原因
中银证唬ㄈ砑）如何与中国银行转账？即抛售股票之后账户内资金...,未办理外币银证转账业务的客户如何取款？
中银消费金融有额度无法提现是怎么回事？可能是因为这几点原因！,转账失败的原因？
中一个新股能赚多少钱,新股上市前一交易日晚上能否提前下单？
中兴证券融资融券 中信金通证券证券融资融券怎么办理？流程如何？,信用账户开通条件
"中信证券资金账户中有可取余额,为什么提示客...",为何账户有资金无法转出？
"中信证券怎么样,网上开户佣金是多少,有没...",网上开户佣金是多少？
中信证券怎么申购新股 中信证券怎么解绑银行卡,信用账户如何申购新股？
中信证券佣金 中信证券佣金是怎么收取的？我可以查到我的佣金吗,佣金与手续费的区别？
中信证券网上开户佣金多少钱,网上开户佣金是多少？
中信证券网上开户佣金多少,网上开户佣金是多少？
中信证券网上开户 中信证券网上开户佣金多少,网上开户佣金是多少？
"中信证券如何申购新股,中信证券新股申购流程",信用账户如何申购新股？
"中信证券如何申购新股,中信证券新股申购流程",信用账户如何查询新股申购额度？
"中信证券如何申购新股,中信证券新股申购流程",新股申购市值会合并计算多个证券账户的吗？
"中信证券如何申购新股,中信证券新股申购流程",新股申购可以撤单吗？
"中信证券如何申购新股,中信证券新股申购流程",新股申购的条件？
中信证券开户佣金是多少？,网上开户佣金是多少？
中信证券股票开户佣金怎么样,佣金与手续费的区别？
中信证券第三方存管账户关联失败怎么办？,自助开户后如何补办三方存管？
中信圆梦金怎么开通？需要什么条件？ / 其他信用贷款,信用账户开通条件
中信优酷联名信用卡如何办理？申请条件有哪些,信用账户开通条件
中信银行信用卡怎样销户,信用账户销户条件？
中信银行信用卡怎么开通手机银行？开通中信银...,信用账户可以网上开通吗？
中信银行信用卡怎么开通快捷支付宝？中信信用...,信用账户可以网上开通吗？
中信银行信用卡网上银行如何开通？_信用卡知识_信用卡攻略,信用账户可以网上开通吗？
中信银行信用卡如何开通网上银行支付功能？,信用账户可以网上开通吗？
中信银行首推网付信用卡 你开通了吗？_信用卡须知_信用卡攻略,信用账户可以网上开通吗？
中信银行软件有哪些？与中信银行有关的软件下载,信用账户三方存管的银行有哪些？
中信银行客服电话如何快速转人工服务（图）,证券转银行为什么转不了？
中信银行可以网上变更第三方存管账户吗,信用证券账户可以注销后重新开户吗？
中信银行可以网上变更第三方存管账户吗,信用账户三方存管的银行有哪些？
中信银行可以网上变更第三方存管账户吗,网下打新缴款账号是否需与三方存管银行账号一致？
"中信银行开户支行查询 中信银行信用卡怎么在网上银行中查询开户行,...",信用账户可以网上开通吗？
中信银行京东PLUS联名信用卡积分规则是什么？如何兑换积分？,信用账户销户条件？
中信万通证券如何开户,信用账户三方存管的银行有哪些？
中信建投证券证券转银行的资本密码应该是哪个？是不是输入三次错误...,证券转银行为什么转不了？
中信建投账户怎么新股申购,新股申购可以撤单吗？
"中信建投股市夜市委托 中投证券能不能隔夜委托,时间段是多少？",新股申购何时可以挂单?
中信电子账户怎么申请,信用账户销户条件？
中信?理财 | 真实用！中信证券融资融券账户操作指南,信用账户可以交易哪些股票？
中信?理财 | 真实用！中信证券融资融券账户操作指南,新三板可以做融资融券交易吗？
中小企业为什么要上新三板 ―――新三板上市流程/如何上新三板 2014...,新三板股票转让交易有哪些费用？
中小板股票购买权限有哪些？有什么流程？,新三板权限开通流程？
中午还没有开市的时候能申购新股吗？,新股申购何时可以挂单?
中投证券新股申购在哪 为什么中投证券新股申购深市和创业版最大可买...,信用账户如何查询新股申购额度？
中投证券新股申购在哪 为什么中投证券新股申购深市和创业版最大可买...,新股申购可以撤单吗？
中投证券新股申购在哪 为什么中投证券新股申购深市和创业版最大可买...,新股申购的配号规则？
中投证券新股申购界面 为什么中投证券新股申购深市和创业版最大可买...,信用账户如何申购新股？
中投证券新股申购界面 为什么中投证券新股申购深市和创业版最大可买...,信用账户如何查询新股申购额度？
中投证券新股申购界面 为什么中投证券新股申购深市和创业版最大可买...,新股申购可以撤单吗？
中投证券新股申购步骤 新股申购为什么中投证券在新股配售一栏里看...,信用账户如何查询新股申购额度？
中投证券新股申购步骤 新股申购为什么中投证券在新股配售一栏里看...,新股申购有数量要求吗？
中投证券新股申购步骤 新股申购为什么中投证券在新股配售一栏里看...,新股申购可以撤单吗？
中投证券新股申购步骤 新股申购为什么中投证券在新股配售一栏里看...,新股申购的配号规则？
"中投证券如何申购新股 你好,请高手指点：我是使用中投证券交易系...",新股申购可以撤单吗？
中投证券如何打新股（新股申购）？流程是？,新股申购的配号规则？
中山证券网上开户实际多少佣金？他自己说是万2.5,网上开户佣金是多少？
"中山网上开户开哪家证券公司最好,佣金是多少？ 宁波购物 今题网",网上开户佣金是多少？
中山股票开户佣金是多少,网上开户佣金是多少？
"中山古镇去哪里可以看到比较有好的股票资讯,最好是可以推荐股票的 ...",新股申购可以撤单吗？
"中融投为什么我申请提现失败,中融投提现流程",转账失败的原因？
中签以后如何卖出深市配售的新股？,新股中签如何缴款？
中签一般能挣多少_股票中签能挣多少钱,新股中签如何缴款？
中签新股什么时候上市？,新股中签后股份何时上市？
"中签新股什么时候上市,有什么需要注意的地方",新股中签后股份何时上市？
中签新股什么时候扣款 打新中签到底能赚多少钱？,新股申购受限后，到期是否需办理解限手续？
中签了！真的是我吗？,新股中签会有短信通知吗？
"中签可赚10万 ?这只高价新股等你打,还有顶格必中股在后头",新股中签后股份何时上市？
中签后怎么缴款？新股中签缴款方法须知,新股中签如何缴款？
中签后怎么缴款？新股中签缴款方法须知,新股中签，未及时缴款有什么影响？
中签后怎么缴款,新股中签如何缴款？
中签后什么时候上市,新股中签后股份何时上市？
中签后何时扣款？新股中签了什么时间扣款？,新股中签如何缴款？
中签股票一般赚多少钱,新股中签如何缴款？
中签股票破板后会一直跌下去吗,新股申购市值会合并计算多个证券账户的吗？
"中签概率高至3成?本周7只新股申购,周五这只中签率很高!|秦港股...",新股中签后股份何时上市？
中美贸易战下中国企业如何有效应对美国知识产权侵权投诉风波,投诉上市公司什么样的证据合法有效？
"中美贸易战下,中国企业如何有效应对美国知识产权侵权投诉风波?",投诉上市公司什么样的证据合法有效？
中美股市的市值为什么差距如此大 中美股市对比,新股上市前一交易日晚上能否提前下单？
"中铝国际新股申购,一签能赚多少？",新股申购的回拨机制？
"中了一签「可转债」,到底能赚多少钱？",信用账户如何操作配股？
"中了新股,是不是可用资金够就行,可取资金不用―资讯―视频高清在...",为什么资金可用不可取？
中江国际开户资金是银行第三方存管吗,信用账户三方存管的银行有哪些？
中航油陈久霖 | 什么值得下,信用账户交易允许市价委托吗？
中行信用卡支付宝还款失败原因是什么,转账失败的原因？
中行信用卡临时提高额度吗,信用账户开立后何时生效？
中国有哪些公司能做融资融券交易,新三板可以做融资融券交易吗？
"中国银行转外汇,每人每年有多少额度？",外币证券转银行限额
中国银行长城借记卡的还款日期是怎么规定的？,未办理外币银证转账业务的客户如何取款？
中国银行信用卡提额失败原因是什么,转账失败的原因？
中国银行信用卡没有激活怎么注销,信用账户销户条件？
中国银行网银一定要到柜台开通吗信用卡自助关联网银和去柜台办理...,信用账户可以网上开通吗？
中国银行网上转账出现RCPS.M789什么意思,转账失败的原因？
中国银行外汇交易帐户入金是怎么入的,外币证券转银行限额
中国银行手机银行如何设置快捷登录？,信用账户对应银行的券商代码？
"中国银行接收外汇,申报要什么材料？",外币证券转银行限额
中国银行国家助学借款合同怎么写,信用账户开立后何时生效？
中国银行兑换外币需要提前预约吗？,外币证券转银行限额
中国银行第三方存管如何操作？,网下打新缴款账号是否需与三方存管银行账号一致？
"中国银行,手机银行有哪些用途,可以用手机淘宝买东西付款吗。。。...",信用账户对应银行的券商代码？
"中国新三板协议成交最活跃的十大营业部,都隐藏了什么秘密?",新三板协议转让有哪些成交情况？
中国新股发行体制改革如何推进？,新股IPO网上发行制度有哪些修改？
中国突放大招 境外大额取现被锁死 海外炒房资金怎么出境？,外币证券转银行限额
中国是否实行信用交易,信用账户可以购买非标的证券吗？
中国是否实行信用交易,信用账户交易允许市价委托吗？
中国上市公司是如何做假账的,信用账户如何操作配股？
中国融资租赁网=>投融资信息发布>新三板漏洞怎么堵？齐鲁银行1分钱...,新三板协议转让的成交规则？
中国融资租赁网=>投融资信息发布>新三板漏洞怎么堵？齐鲁银行1分钱...,新三板股票申报价格是否有涨跌幅限制？
"中国人保在今天11.6开始新股申购,如果我中签了,什么时候可以上市...",新股中签后股份何时上市？
中国联通电信手机卡异地销户在异地可办理销户吗？,信用证券账户可以注销后重新开户吗？
中国金融品牌加盟哪家好_中国金融十大品牌排行榜,新三板股票的即时行情包含哪些要素？
中国建设银行如何开通网上银行―银行卡支付说明―CNKI中国知网・...,信用账户可以网上开通吗？
中国建设银行如何开通个人网上银行,信用账户可以网上开通吗？
中国建设银行白金卡怎么办理？有哪些优惠？,未办理外币银证转账业务的客户如何取款？
中国国债的购买途径都有哪些,信用账户可以购买ST股票吗？
中国股市的出路在哪里？,新股申购何时可以挂单?
中国股票指数有哪些,深证成份指数成份股多长时间调整一次？
中国的再融资方式有哪几种？_财配网,信用账户如何操作配股？
中国的新股 IPO 定价机制经历了哪些变化和发展？,新股IPO网上发行制度有哪些修改？
中国的股票代码是如何分配的？,新三板股票的编码规则？
中国代孕一般多少钱,同一客户可以开通多个港股通交易权限吗？
"中国大陆投资者怎样炒港股,港股开户的条件和步骤 广州贷款 今题网",网上委托权限如何开通？
中国吃播能赚钱吗,新三板协议转让有哪些成交情况？
中国北车配股怎么操作？,信用账户如何操作配股？
"中菲局势最新消息,新股中签后如何缴款,基金59",新股中签如何缴款？
"中1签盈利轻松5W+?本周9只新股申购,周一这只很有肉!",新股申购有数量要求吗？
智远理财怎么申购新股 智远理财平台不显示持仓怎么回事？,新股申购可以撤单吗？
智学网账号密码忘记怎么办_智学网密码被别人改了找回,手机账户密码忘记了怎么办
至善网账号密码都忘了怎么办？至善网账号密码忘记怎么...,手机账户密码忘记了怎么办
纸黄金和黄金TD的区别有哪些？,佣金与手续费的区别？
值得注意的新股申购规则是哪些,信用账户如何申购新股？
直接相关费用&佣金手续费有什么不同,佣金与手续费的区别？
直播吧在哪可以赌球,同一客户可以开通多个港股通交易权限吗？
"知道这8点,就知道怎样参与新三板投资",新三板协议转让有哪些成交情况？
知道怎样从融资融券信用账户买非融资标的股票吗？,信用账户可以购买非标的证券吗？
"知春路证券公司地址在哪里,大钟寺炒股开户佣金最优惠,周末开户",银证转账的时间？
吱吱呀呀112： 散户如何申购新股中签率高呢？ @记住每天申购新股 ...,新股中签，未及时缴款有什么影响？
吱吱呀呀112： 散户如何申购新股中签率高呢？ @记住每天申购新股 ...,同一新股可多次申购吗？
芝麻信用怎么关闭?,信用账户可以网上开通吗？
"芝麻信用分涨得慢的你,怎么才能快速开通借呗？",信用账户开通条件
芝麻信用分怎么提高 芝麻信用分提高技巧分享,信用账户卖出证券得到现金想自动偿还负债，怎么办？
芝麻信用分怎么提高 提升芝麻分最快的办法公布,信用账户开通条件
芝麻信用600以上怎么开通借呗？开通蚂蚁借呗条件有哪些？,信用账户开通条件
芝加哥期权交易所怎么样？,信用账户交易允许市价委托吗？
芝罘区只楚路19号在哪办理暖气开通手续？,新三板权限开通流程？
只有用户名和UID账号忘了怎么办,手机账号忘记了怎么办
"只有身份证,到开户的中银证券公司能注销吗？很急！请高人赐教！...",信用证券账户可以注销后重新开户吗？
"只需身份证就能办大额信用卡,可信吗？",信用账户可以网上开通吗？
只能开户不能销户？一人三户新政之后销户怎么破？,信用证券账户可以注销后重新开户吗？
支付密码忘了怎么办？,忘记交易密码怎么办？
支付密码忘记了怎么办？,忘记交易密码怎么办？
支付宝转账银行卡交易失败是什么原因,转账失败的原因？
支付宝转账失败 支付宝转账失败怎么办,转账失败的原因？
支付宝转账到银行卡遇到“退票”怎么办？,转账失败的原因？
支付宝转账到银行卡显示银行处理失败为什么,转账失败的原因？
支付宝转账到银行卡名字不对能到账吗,转账失败的原因？
"支付宝转账成功以后对方却没有收到钱款,可能的原因是什么？",转账失败的原因？
支付宝转账不成功怎么办？支付宝转账不成功的原因,转账失败的原因？
支付宝注销账户需要什么条件？,信用账户销户条件？
支付宝注销账户的条件是什么？注销时间多久？,信用账户销户条件？
"支付宝中的 33 万元资金被莫名冻结,怎么办？",信用账户资金无法转出的原因
支付宝支付密码忘了怎么办 支付宝密码修改,忘记交易密码怎么办？
支付宝支付密码忘了怎么办,忘记交易密码怎么办？
支付宝支付密码忘记怎么办,忘记交易密码怎么办？
支付宝支付密码忘记了怎么办？支付密码找回教程,忘记交易密码怎么办？
支付宝支付密码忘记了怎么办？,忘记交易密码怎么办？
"支付宝支付密码忘记了怎么办,教你三个方法",忘记交易密码怎么办？
支付宝支付密码忘记了怎么办 支付宝支付密码怎么改,忘记交易密码怎么办？
支付宝账户注销条件是什么_如何注销,信用账户销户条件？
支付宝账户注销条件是什么,信用账户销户条件？
支付宝账户注销条件是什么,信用账户开通条件
支付宝怎么注销账户？注销账户需要什么条件吗？,信用账户销户条件？
支付宝怎么注销账户？支付宝账户注销操作流程,信用账户销户条件？
支付宝怎么注销账户？支付宝账户要更换怎么办？,信用账户销户条件？
"支付宝怎么注销账户,注销支付宝需要哪些条件",信用账户销户条件？
支付宝怎么向银行卡转账,转账失败的原因？
支付宝余额一年限额20万 如何避免受限？,信用账户的使用限制
支付宝余额宝如何解冻 支付宝余额宝冻结资金怎么转出,为何账户有资金无法转出？
支付宝余额宝可以随时转出吗 转出是否有额度限制,为何账户有资金无法转出？
支付宝有一部分资金被冻结了的解决办法 财付通账户安全吗,转账失败的原因？
支付宝信用卡支付限额是多少,信用账户的使用限制
"支付宝信用卡限额,支付宝信用卡限额怎么修改,支付宝信用卡付款限...",信用账户的使用限制
支付宝信用卡还款限额多少,信用账户的使用限制
支付宝往银行转账总是失败是什么原因__百度,转账失败的原因？
支付宝提现要收手续费了！如何省钱 与微信哪个划算,信用账户资金无法转出的原因
支付宝提现要收手续费了！ 如何省钱与微信提现哪个划算,信用账户资金无法转出的原因
支付宝提现收费还款还限额吗？支付宝信用卡还款限额会是多少？,信用账户的使用限制
支付宝手机支付密码忘了怎么办！如何修改密码,忘记交易密码怎么办？
支付宝手机支付密码忘了怎么办,忘记交易密码怎么办？
支付宝手机支付密码忘记了怎么办,忘记交易密码怎么办？
支付宝手机密码忘了怎么办？支付宝支付密码找回,手机账户密码忘记了怎么办
支付宝收款码怎么开通花呗和信用卡收款 开通条件及使用规则,信用账户开通条件
支付宝收款码花呗开通需要什么条件 支付宝收款码信用卡使用规则一览...,信用账户开通条件
支付宝收款码和收钱码有什么区别呢？都是怎么开通的？,信用账户开通条件
支付宝实名认证失败怎么办？认证失败原因分析及解决方法,转账失败的原因？
支付宝商户收款码限额吗？支付宝收款码怎么开通？,信用账户开通条件
支付宝扫码信用卡套现|支付宝严管扫码套现 你的信用卡还好吗？,信用账户的使用限制
支付宝如何操作转账到银行卡【图】,转账失败的原因？
支付宝如何操作转账到银行卡,转账失败的原因？
支付宝如果银行卡信息没填对资金如何退还【图】,转账失败的原因？
支付宝钱包中的余额宝怎么会有冻结金额,信用账户资金无法转出的原因
支付宝钱包支付密码忘记了怎么办？,忘记交易密码怎么办？
支付宝钱包密码忘了怎么办？找回手机支付密码方法,忘记交易密码怎么办？
支付宝密码忘记了怎么办 支付宝登录/支付密码找回教程,忘记交易密码怎么办？
支付宝密码忘记了怎么办,忘记交易密码怎么办？
支付宝蚂蚁借呗开通需要什么条件 开通条件一览,信用账户开通条件
支付宝蚂蚁借呗开通条件有哪些？京东金条怎么开通？,信用账户开通条件
支付宝里的蚂蚁借呗没有公积金要什么条件才能申请...,信用账户开通条件
支付宝来分期支付密码忘了怎么办|来分期提现支付密码忘了怎么办|小...,忘记交易密码怎么办？
支付宝快捷支付密码忘记怎么办,忘记交易密码怎么办？
支付宝开通花呗收款账户不符合条件如何解决方法教程详解（图文）,信用账户开通条件
支付宝开通花呗收款账户不符合开通条件怎么办？解决办法介绍,信用账户开通条件
支付宝开通花呗收款账户不符合开通条件怎么办 解决办法介绍,信用账户开通条件
支付宝卡卡转账 支付宝卡卡转账一百要多少手续费？,转账失败的原因？
"支付宝借呗怎么开通,借呗开通条件在哪查看",信用账户开通条件
支付宝借呗怎么开通,信用账户开通条件
支付宝借呗开通了怎么又关闭了蚂蚁借呗开通条件支付宝借呗强制开...,信用账户开通条件
"支付宝借呗,如何开通？怎样快速提额？马云：基础条件,你满足吗",信用账户开通条件
支付宝交易密码忘记了怎么办√,忘记交易密码怎么办？
支付宝核心网络奔溃后 花呗借呗欠款就不用还了 你信吗？,转账失败的原因？
支付宝还信用卡有限制吗？,信用账户的使用限制
支付宝繁忙ali112 支付宝转帐显示系统繁忙ali10是什么意思,转账失败的原因？
支付宝短期理财基金有风险吗,信用账户可以参与逆回购吗？
支付宝登录密码忘了怎么办?支付宝密码被锁定,忘记交易密码怎么办？
支付宝的芝麻信用是什么 芝麻信用怎么开通方法步骤,信用账户开通条件
支付宝的支付密码忘了怎么办,忘记交易密码怎么办？
支付宝的支付宝芝麻信用多少才能开通花呗分要多少才能使用花呗在超...,信用账户开通条件
支付宝的蚂蚁借呗显示“暂无信用额度”是为什么？如何开通借呗？,信用账户开通条件
支付宝成功的原因分析 十万个为什么,转账失败的原因？
支付宝绑定信用卡可以转账吗,信用账户可以网上开通吗？
支付宝绑定信用卡可以不开通快捷支付吗,信用账户可以网上开通吗？
支付宝8积分活动兑换失败怎么回事？ 支付宝8积分活动兑换失败的原...,转账失败的原因？
"支持政策多多,债转股为什么还“转”不起来？",证券转银行为什么转不了？
之前绑定银行卡的手机号码忘记了怎么办？,手机账号忘记了怎么办
郑州远见 832183）是否基础层黑龙江,信用账户交易允许市价委托吗？
"郑州棉花网上开户佣金是多少,配资找谁,免费办理吗",网上开户佣金是多少？
郑州金水区股票开户佣金手续费最低是多少,网上开户佣金是多少？
郑州登封炒股网上开户佣金手续费最低是多少？ 郑州期货配资 今题网,网上开户佣金是多少？
证通是证券版的银联吗,证券转银行为什么转不了？
证券资金转银行需要多长时间？什么时候能转？―音乐―视频高清在线...,证券转银行为什么转不了？
"证券资金往银行转不了 请问海通证券网,我的证券资金为什么转不到银...",证券转银行为什么转不了？
证券转银行在哪里转？ 具体操作步骤是什么？,外币证券转银行限额
"证券转银行需要多长时间,什么时候能转？",证券转银行为什么转不了？
证券转银行为什么转不了?,证券转银行为什么转不了？
证券转银行为什么转不出去？,证券转银行为什么转不了？
证券转银行为什么转不出去,证券转银行为什么转不了？
证券转银行为什么转不出去,为何账户有资金无法转出？
证券转银行手续费多少,证券转银行为什么转不了？
证券转银行时间怎么规定的？,证券转银行为什么转不了？
证券转银行时间怎么规定的？,银证转账的时间？
证券转银行时间怎么规定,证券转银行为什么转不了？
"证券转银行时间多久,证券转银行手续费多少？",证券转银行为什么转不了？
"证券转银行时间多久,证券转银行手续费多少？",银证转账的时间？
证券转银行和银行转证券是什么意思？是不是要,证券转银行为什么转不了？
证券转银行当天能取吗,证券转银行为什么转不了？
证券转银行当天能取吗,银证转账的时间？
证券转银行出现问题怎么办?工行助手帮助转帐,证券转银行为什么转不了？
证券转银行.银行转证券为什么转不到我是07年9月在广发证券开的户,证券转银行为什么转不了？
"证券转银行,为什么显示现在为非转账日期啊？",证券转银行为什么转不了？
"证券转银行,为什么显示现在为非转账日期啊？",银证转账的时间？
"证券转银行,每天有最高转帐金额限制吗",证券转银行为什么转不了？
"证券转银行,每天有最高转帐金额限制吗",银证转账的时间？
证券转到银行为什么转不了,证券转银行为什么转不了？
证券之星日志审核怎么办,信用账户卖出证券得到现金想自动偿还负债，怎么办？
证券账户自动销户怎么办？,信用证券账户可以注销后重新开户吗？
证券账户资金一直是可用不变成可取怎么回事,为什么资金可用不可取？
证券账户余额怎么查看？,银证转账的时间？
证券账户余额为零后会自动销户吗？,信用证券账户可以注销后重新开户吗？
证券账户突然无法资金转出了是为什么啊?,为何账户有资金无法转出？
证券账户如何销户.doc,信用账户销户条件？
"证券账户如何销户,证券账户如何销户帖子问答",自助开户后如何补办三方存管？
证券账户权限知多少,网上委托权限如何开通？
"证券账户内当日平仓而无法当日转出的资金,该如何利用？",为何账户有资金无法转出？
证券账户那些被忽略的功能 你知道吗？,信用账户卖出证券得到现金想自动偿还负债，怎么办？
证券账户没有w风险警示权限是多少,信用账户可以交易哪些股票？
证券账户没有w风险警示权限是多少,网上委托权限如何开通？
证券账户里的可用资金什么状况下会转变为可取资金？,为什么资金可用不可取？
证券账户可以买卖哪些股票？,信用账户可以交易哪些股票？
"证券账户开户后一直没用,会被注销账户吗",信用证券账户可以注销后重新开户吗？
证券账户还可以理财吗？,信用账户可以参与逆回购吗？
证券账户的名字是否要跟三方存管银行卡的名字一致,网下打新缴款账号是否需与三方存管银行账号一致？
"证券账户的12大基本用途,你知道多少呢？_股市小情..._股票",信用账户的股票可以申购ETF基金吗？
"证券账户的12大基本用途,你知道多少呢？",信用账户如何操作配债？
"证券账户的12大基本用途,你知道多少呢？",信用账户可以参与逆回购吗？
"证券账户的12大基本用途,你知道多少呢？",信用账户对应银行的券商代码？
证券账户除了炒股还有什么用途？哪些你必须知道的证券名词？,信用账户可以购买非标的证券吗？
证券账户除了炒股还有什么用途？哪些你必须知道的证券名词？,新三板权限开通流程？
证券账号可以同时在两个手机登录吗？,同一个账号允许在不同的手机上同时登录吗？
"证券帐户开户后一直未使用,会被注销吗？",信用证券账户可以注销后重新开户吗？
证券网上开户佣金是多少？,网上开户佣金是多少？
证券网上开户佣金多少,网上开户佣金是多少？
证券投资者可以开户吗 证券投资者开户有什么条件,信用账户开通条件
证券投资 新三板开户 沧州新三板如何开户,信用账户可以参与逆回购吗？
证券投资 新三板开户 沧州新三板如何开户,新三板权限开通流程？
证券市场中委托无效的原因是什么？,新股申购可以撤单吗？
"证券申购数量不足 网上申购新股,显示证券申购数量不足是怎么回事？...",信用账户如何查询新股申购额度？
"证券上明明有余额,为什么转不到银行帐上呢？_大智慧下载",证券转银行为什么转不了？
证券软件哪个好用,新三板股票的即时行情包含哪些要素？
证券融资是直接融资 那证券公司在这个过程是如何赚钱的啊？,新三板可以做融资融券交易吗？
证券融资融券业务 证券公司融资融券是什么业务？,信用账户三方存管的银行有哪些？
证券配资一般利息是多少钱：配资合作中交易账户用谁的？,信用账户可以交易哪些股票？
证券哪个证券公司打新股好的问题,新股申购市值会合并计算多个证券账户的吗？
证券哪个证券公司打新股好的问题,新股申购可以撤单吗？
证券开户佣金是什么 如何购买证券？证券是什么？,信用账户可以购买非标的证券吗？
证券开户佣金多少【国海证券开户费用】中国财富网,网上开户佣金是多少？
证券开户网上【平安证券开户佣金是多少】中国财富网,网上开户佣金是多少？
证券开户是什么：进行股票信用交易的具体步骤有哪些？,信用账户可以交易哪些股票？
证券开户是什么 进行股票信用交易的具体步骤有哪些？,信用账户可以交易哪些股票？
证券开户后可以注销吗,信用证券账户可以注销后重新开户吗？
"证券卡（银河）和银行（农行）的卡转来转去,手续费多少？",证券转银行为什么转不了？
证券交易资金第三方存管可以和几个银行帐户银证转帐吗？在工行办理...,网下打新缴款账号是否需与三方存管银行账号一致？
"证券交易中,如何把可用金额变成可取金额？",为什么资金可用不可取？
证券交易所和证券公司有什么区别？怎么样买股票啊,佣金与手续费的区别？
证券交易软件如何进行银证转账,银证转账的时间？
证券交易交易讲义 | 什么值得下,自助开户后如何补办三方存管？
证券交易记录上的净佣金、过户费、经手费、证管费分别指什么？,佣金与手续费的区别？
证券交易 | 什么值得下,信用账户可以购买非标的证券吗？
证券交易 | 什么值得下,信用账户可以购买ST股票吗？
证券交易 | 什么值得下,信用账户交易允许市价委托吗？
证券股票开户佣金手续费最低是多少 郑州家庭财产险 今题网,佣金与手续费的区别？
证券股票开户佣金手续费最低是多少 郑州家庭财产险 今题网,网上开户佣金是多少？
"证券股票开户的最低佣金是多少,低至万1.5开户",网上开户佣金是多少？
"证券股票炒股开户哪家证券公司有优惠,佣金最低是多少",新股中签会有短信通知吗？
"证券公司做柜台好还是做销售好,是不是入柜台更难",银证转账的时间？
证券公司怎么换银行卡,证券转银行为什么转不了？
证券公司有免费短信服务吗_和短信服务相关的问题,新股中签会有短信通知吗？
证券公司应履行融资融券合同中的通知义务。证券公司选择下述哪些方...,信用账户可以操作要约收购吗？
证券公司信用账户被强平限制操作怎么解决,信用账户的使用限制
证券公司网上开户佣金最低一般是多少,网上开户佣金是多少？
证券公司手续费排名 福州哪个证券公司手续费比较低？,佣金与手续费的区别？
证券公司融资融券业务管理办法全文是如何规定的？,信用账户可以操作要约收购吗？
证券公司融资融券试点管理办法及内控指引?| 大话财金|湖州论坛|南太...,信用账户可以操作要约收购吗？
证券公司融资融券利率是多少融资购买股票都有哪些费用信用账户内...,信用账户可以购买非标的证券吗？
证券公司融资融券第三方存管银行有指定吗,信用账户三方存管的银行有哪些？
证券公司那家佣金最低 哪家证券公司佣金最低,佣金与手续费的区别？
"证券公司客户销户是因为佣金问题,该如何挽留？,证券公司客户销户...",信用账户如何操作配股？
证券公司开户怎么才有信用额度？,信用账户可以网上开通吗？
证券公司股票交易佣金 哪家证还司的股票交易佣金低点？,佣金与手续费的区别？
"证券公司400万资金股票开户选择哪家佣金最低,佣金万多少开户",信用账户的股票可以申购ETF基金吗？
"证券冻结资金解冻时间 601198东兴证券申购资金解冻日期,什么时候...",新股申购时会冻结资金吗？
"证券冻结资金解冻时间 601198东兴证券申购资金解冻日期,什么时候...",新股申购可以撤单吗？
证券第三方存管账户的银行卡显示的尾号为什么不是我自己的？,网下打新缴款账号是否需与三方存管银行账号一致？
证券第三方存管账户的银行卡尾号为什么不是我自己的卡？,信用账户三方存管的银行有哪些？
证券的钱转银行怎么转不出来啊,证券转银行为什么转不了？
"证券的第三方存管银行帐号一定要开通网上银行功能吗,我用的是农行...",信用账户三方存管的银行有哪些？
"证券的第三方存管银行帐号一定要开通网上银行功能吗,我用的是农行...",网下打新缴款账号是否需与三方存管银行账号一致？
证券从业资格证和证券从业成绩合格单是一回事吗？,信用证券账户可以注销后重新开户吗？
证券从业考试怎么能考过？,信用账户可以操作要约收购吗？
证券绑定银行卡怎么注销,信用证券账户可以注销后重新开户吗？
"证券绑定的三方存管银行卡可以转行吗？我之前用的是工商银行的,...",网下打新缴款账号是否需与三方存管银行账号一致？
证辉趺赐上开户_证券开户有什么风险_后可以注销吗,信用证券账户可以注销后重新开户吗？
证卷市场的余额为什么不能取款了？,为什么资金可用不可取？
证监会宣布年内修改IPO办法 亏损企业上市要来了吗？|证券法,新股IPO网上发行制度有哪些修改？
证监会发言人就是否延续实施新股供给的“预期管理”等答记者问,新股上市前一交易日晚上能否提前下单？
"证监会称IPO将重启,中国股市会迎来新的牛市吗？",新股IPO网上发行制度有哪些修改？
证监会：深港通不再设总额度限制?沪港通总额度取消,深证成份指数成份股多长时间调整一次？
"正式要约,真的有风险吗？",信用账户可以操作要约收购吗？
正佳环保新三板开户需要多少资金,新三板企业的限售期？
正规新三板招商 两大指数触底如何翻身打仗 广州其他服务 今题网,新三板有哪些指数？
正规新三板招商 两大指数触底如何翻身打仗,新三板有哪些指数？
镇江新三板没两年经验原始股权好吗？有没有什么风险,新三板股票清算交收规则？
真人骰宝游戏技巧？/澳门骰宝好玩吗：皇冠网开户24小时服务信誉第...,信用账户可以网上开通吗？
浙商证券账号前几位 浙商证券的资金帐号的前几位是多少啊？？,银证转账的时间？
浙商期货账户怎样开通及开通条件 哈尔滨期货投资 今题网,信用账户开通条件
浙商期货账户怎样开通及开通条件 保定期货投资 今题网,信用账户开通条件
"浙江舟山开户优势,平台背景优势有哪些",信用账户三方存管的银行有哪些？
浙江新三板怎么开户开户步骤和条件,新三板股价变动单位？
浙江新三板开户哪些条件和步骤,新三板股价变动单位？
浙江新三板机构户费用是多少办理条件,新三板股票转让交易有哪些费用？
浙江绍兴炒股开户佣金是多少,网上开户佣金是多少？
浙江如何投资新三板要先了解的知识,新三板股价变动单位？
浙江宁波证券股票炒股开户哪家券商佣金手续费最低,佣金与手续费的区别？
浙江宁波新三板开户费用条件是什么价格|浙江宁波新三板开户费用条件...,新三板股票转让交易有哪些费用？
浙江赤北收费高吗？保证金和手续费分别是多少？ 武汉期货投资 今题网,佣金与手续费的区别？
浙江苍南农村合作银行手机银行开通条件什么？,信用账户开通条件
这张欠条是否有效？能否凭借这些证据投诉担保人以及第三方？,投诉上市公司什么样的证据合法有效？
这样的公司合法有效吗？,投诉上市公司什么样的证据合法有效？
这些重要的卡和证件丢了怎么办？最强攻略来了！,自助开户后如何补办三方存管？
这些营业部总能抢板买进新股！个中奥秘你知道吗？,新股上市前一交易日晚上能否提前下单？
这些集合竞价的规则你都了解吗,新股上市前一交易日晚上能否提前下单？
这些A股账户、银行卡将被销户！快来看看有你的吗？,信用证券账户可以注销后重新开户吗？
这些A股账户、银行卡将被销户！快来看看有你的吗？,信用账户销户条件？
这是微信转账失败怎么回事事 怎么就转账了？,转账失败的原因？
这是外汇开始限购了吗？（转自腾讯）,外币证券转银行限额
这股怎么买啊？是在普通股票的委托界面下买吗？已经开通了老三板权...,网上委托权限如何开通？
"这个配号制度不改,永远没有公平可言,为什么申购新股当天不给配...",新股申购的配号规则？
"这个不通过我怎么再次给新网站备案,急需！|备案服务",网下打新的备案条件？
这“李鬼”专骗新三板 怎么防？_股票债券,新三板股票进行交易的系统有哪些？
找人办理怎样写委托书 办理委托书怎么写 办理房产证委托书,网上委托权限如何取消？
"招商智远理财银证转账 第一次办理招商证,怎么从招商银行转账到招...",银证转账的时间？
"招商智远理财银证转账 第一次办理招商证,怎么从招商银行转账到招...",未办理外币银证转账业务的客户如何取款？
招商智远理财 打新股 新股认购在招商证券智远理财服务平台上怎样操作,新股申购可以撤单吗？
招商证券中签率是多少,新股申购何时可以挂单?
招商证券怎样买新股 招商证券申购失败买了其他股票新股资金冻结为负...,新股申购时会冻结资金吗？
招商证券怎样买新股 招商证券申购失败买了其他股票新股资金冻结为负...,新股申购可以撤单吗？
招商证券怎么申购新股？招商证券申购新股流程介绍[多图],信用账户如何申购新股？
招商证券怎么申购新股？招商证券申购新股流程介绍[多图],信用账户如何查询新股申购额度？
招商证券怎么申购新股？招商证券申购新股流程介绍[多图],新股上市前一交易日晚上能否提前下单？
招商证券网上开户佣金是多少？,网上开户佣金是多少？
招商证券网上开户佣金多少？招商证券网上开户流程,网上开户佣金是多少？
招商证券网上交易手续费是多少？,佣金与手续费的区别？
招商证券添加银行卡怎么样,信用账户三方存管的银行有哪些？
招商证券天添利怎么快速取款取钱？电脑交易软件说明,未办理外币银证转账业务的客户如何取款？
招商证券手续费|招商证券佣金是多少,佣金与手续费的区别？
招商证券手机版怎么转账？招商证券手机版转账流程介绍[图],未办理外币银证转账业务的客户如何取款？
招商证券如何在交易软件上开通风险警示股票交易权限？_大智慧下载,网上委托权限如何开通？
招商证券牛卡号密码忘了怎么办？,忘记资金密码怎么办？
招商证券能开通新三板权限吗？,新三板权限开通流程？
"招商证券可用余额怎么转到可取余额里面,我今天卖...",为什么资金可用不可取？
招商证券开户怎样激活资金账户【证券开户可以注销吗】中国财富网,信用证券账户可以注销后重新开户吗？
招商证券开户佣金是多少【华泰证券开户奖励】中国财富网,网上开户佣金是多少？
招商证券开户佣金是多少？,网上开户佣金是多少？
招商证券开户佣金多少【炒股入门知识视频】中国财富网,网上开户佣金是多少？
招商证券st股买卖需要什么条件吗,信用账户可以购买ST股票吗？
招商证券st股买卖需要什么条件吗,信用账户开通条件
招商证券 国信证券 IT 交易系统运维 哪个好,信用账户对应银行的券商代码？
招商银行怎样开通个人银证功能_绑定_转账,银证转账的时间？
招商银行银证转账通过专业版怎么操作,银证转账的时间？
招商银行银行信用卡销户的条件是什么？ 爱问知识人,信用账户销户条件？
招商银行一网通账户怎么注销 如何取消招行账户,信用账户如何操作配股？
招商银行一卡通怎么转银行账户资金到股票资金...,外币证券转银行限额
招商银行一个账号可以同时在2台手机上登陆掌上生活吗,同一个账号允许在不同的手机上同时登录吗？
招商银行信用卡怎么申请,信用账户的使用限制
招商银行信用卡申请条件有哪些_需要什么材料,信用账户的使用限制
招商银行信用卡交易密码忘记怎么办,忘记交易密码怎么办？
招商银行小额账户 招商银行的小额账户管理费是多少钱以下？,信用账户三方存管的银行有哪些？
招商银行网银大众版如何实现银证转账？,银证转账的时间？
招商银行网上支付密码忘记了怎么办？,忘记交易密码怎么办？
招商银行四天三起烽烟 高端客户权益该如何维护,信用账户可以购买ST股票吗？
招商银行商务信用卡有什么使用限制？,信用账户的使用限制
招商银行那个未配实体卡电子一卡通是什么意思？,未办理外币银证转账业务的客户如何取款？
招商银行卡会自动销户吗？,信用账户销户条件？
招商银行第三方存管怎么激活？招商银行如何激活存管？,未办理外币银证转账业务的客户如何取款？
招商银行第三方存管怎么激活,信用账户三方存管的银行有哪些？
招商银行第三方存管怎么激活,网下打新缴款账号是否需与三方存管银行账号一致？
招商银行第三方存管如何开通,网下打新缴款账号是否需与三方存管银行账号一致？
招商银行的网上银行转账手续费怎么算 （2）,未办理外币银证转账业务的客户如何取款？
招商银行朝朝盈怎么转出 招商银行朝朝盈无法转出是该怎么办,为何账户有资金无法转出？
招商银行4天3起烽烟 高端客户权益如何维护,信用账户可以购买ST股票吗？
招商一卡通如何和证券账户关联开通第三方存管业务？,信用账户三方存管的银行有哪些？
招商一卡通如何和证券账户关联开通第三方存管业务？,网下打新缴款账号是否需与三方存管银行账号一致？
招商信用 债券基金 招商安心收益债券基金怎么样,信用账户的股票可以申购ETF基金吗？
招钱宝如何修改支付密码 招财宝支付密码忘了怎么办,忘记交易密码怎么办？
"招行专业版跨行实时转账,失败RJ90,这是什么错误",转账失败的原因？
"招行证券卡转到银行卡,如何转？哪个软件好用？",证券转银行为什么转不了？
招行一卡通功能有哪些,未办理外币银证转账业务的客户如何取款？
招行信用卡网上支付限额是多少,信用账户的使用限制
招行信用卡如何销户？打电话能销户么？,信用账户销户条件？
"招行香港一卡通 1年内未转账,会被禁用网银转账功能 大家怎么处理的...",未办理外币银证转账业务的客户如何取款？
招行将对睡眠账户销户 宁波借记卡人手6张如何处理？,信用账户销户条件？
招行将对睡眠账户销户 宁波借记卡人手6张 如何处理？,信用账户销户条件？
招行第三方存管业务如何开通？有什么特点？,信用账户三方存管的银行有哪些？
招行第三方存管业务如何开通？有什么特点？,网下打新缴款账号是否需与三方存管银行账号一致？
账户资金不能申购新股 这周三新股怎么申购如何知道按市值配购.我有...,信用账户如何申购新股？
账户资金不能申购新股 这周三新股怎么申购如何知道按市值配购.我有...,新股申购有数量要求吗？
账户资金不能申购新股 这周三新股怎么申购如何知道按市值配购.我有...,新股申购时会冻结资金吗？
账户资金不能申购新股 这周三新股怎么申购如何知道按市值配购.我有...,新股申购的条件？
"账户新规执行半年有余,这些卡你处置了吗?|光大银行|信用卡|一卡通",信用账户的使用限制
"账户新规执行半年有余,这些卡你处置了吗？",信用账户销户条件？
"账户新规执行半年有余,这些卡你处置了吗？",信用账户的使用限制
"账户新规执行半年有余,闲置的银行卡该如何处理",信用账户销户条件？
账户新规执行半年有余 这些银行卡你处置了吗？ | 每经网,信用账户的使用限制
账户新规执行半年有余 这些银行卡你处置了吗？,信用账户销户条件？
账户新规执行半年有余 这些银行卡你处置了吗？,信用账户的使用限制
账户新规执行半年有余 这些银行卡你处置了吗,信用账户的使用限制
"账户里的“XX配债”及代码,是什么意思？",信用账户如何操作配债？
账户开通新三板需要什么条件？,信用证券账户可以注销后重新开户吗？
账户开通新三板需要什么条件？,信用账户开通条件
账户83万消失 银行可以在一定条件下对证券账户余额进行划转吗？,证券转银行为什么转不了？
账号密码忘了怎么办？,手机账户密码忘记了怎么办
"账号密码忘了,手机号也注销了怎么办,我该怎么改...",手机账号忘记了怎么办
"账号密码忘记了,点击邮箱找回提示用绑定手机号找回,怎么办。",手机账户密码忘记了怎么办
"账号密码都忘了,手机号码也忘了 怎么办！",手机账户密码忘记了怎么办
"账号密码都忘了,手机号码也忘了 怎么办！",手机账号忘记了怎么办
"帐户有20股宝钢配债, 是何东东啊,如何操作啊？ ――玉名博客――...",信用账户如何操作配债？
"帐户石化配债没操作,今天帐户还存在,有关系吗帐户石化配债没操...",信用账户如何操作配债？
帐户开通网银会有利下卡吗？,信用账户可以网上开通吗？
"帐户会自动申购新股吗,帐户会自动申购新股吗帖子问答",信用账户的现金资产为何不能进行新股中签款缴款？
"掌阅科技ipo成功,和掌趣科技有关系吗",新股申购的市值计算范围？
掌柜钱包有风险吗_投资掌柜钱包安全不安全,为何账户有资金无法转出？
掌柜钱包安全吗？投资掌柜钱包有没有风险？,为何账户有资金无法转出？
涨姿势：你知道新三板、中小板和创业板都有哪些区别吗？,新三板股票转让交易有哪些费用？
涨幅限制影响IPO抑价了吗?,新股上市首日有涨跌幅限制吗？
涨跌幅限制是什么？涨跌幅限制有何示例？,新股上市首日有涨跌幅限制吗？
涨跌幅限制降低了股价波动吗,新股上市首日有涨跌幅限制吗？
长文解析――资产证券化究竟是什么？,信用账户可以购买非标的证券吗？
长沙市证券公司|证券公司供应商|供应长沙哪家公司的交易手续费,自助开户后如何补办三方存管？
"长沙请问一下,炒股开户佣金一般是多少,现在最低佣金多少？",信用账户可以交易哪些股票？
长沙哪家证券公司佣金最低,自助开户后如何补办三方存管？
长沙哪家证券公司手续费佣金较低服务较好,佣金与手续费的区别？
长沙股票开户佣金手续费最低是多少？ 东莞股票投资 今题网,网上开户佣金是多少？
长沙股票开户哪里好 长沙炒股开户哪里好 长沙证券开户哪里好,自助开户后如何补办三方存管？
长期不使用的信用卡账户不销户 不归并将面临什么风险？,信用账户销户条件？
长江证券怎么样 想在长江开户 有没有前辈指导指导,信用账户可以交易哪些股票？
"长江证券是国企吗,长江证券是国企吗帖子问答",信用账户交易允许市价委托吗？
长江证券开户佣金是多少,网上开户佣金是多少？
长江电力复牌后走势 关于长江电力复牌后是利好还是利空有哪位知道长...,新股上市首日有涨跌幅限制吗？
"长春有哪些证券公司,股票开户手续费最低的证券公司 长春股票投资 ...",新三板可以做融资融券交易吗？
长春新三板怎么开通权限,新三板权限开通流程？
长春200万炒股开户佣金最低是多少？ 长春股票投资 今题网,网上开户佣金是多少？
"长城证券无法查询新股申购额度,也无法查询申购新股是否中签？",信用账户如何查询新股申购额度？
长城军工顶格申购市值多少？怎么打这只新股？,新股申购市值会合并计算多个证券账户的吗？
漳州如何购买新三板股票之做市转让2016年末专版,新三板股票转让交易有哪些费用？
张志雄：中国股市17年（中国株式市场の真gD政府?金融机v?上...,新股上市首日接受市价委托吗？
湛江股票网上开户低佣金最低多少,网上开户佣金是多少？
湛江股票.开户佣金手续费最低多少？佣金万一 东莞股票投资 今题网,佣金与手续费的区别？
湛江2017股票开户最低佣金是多少呢？万一 沈阳服装 今题网,网上开户佣金是多少？
战神麻将机/玩法牌型胡牌方式起手要什么牌,新股申购何时可以挂单?
战略调整 小狗电器拟申请终止在新三板挂牌 家电网? HEA深度原创,新三板挂牌申请需要多少时间？
战略配售基金能带来什么,网下发行新股有何要求？
战略配售基金的隐忧：如何权衡三年锁定期的时间成本,新股上市首日接受市价委托吗？
"战略配售基金6月11日开始发售,怎么买？收下这份投资指南",信用账户如何操作配股？
"债市迎多重利好,机构配债热情集中在哪里？",信用账户如何操作配债？
债券中签如何交易？有哪些交易规则？,新股中签会有短信通知吗？
债券怎么盈利？债券交易获利方式有哪些？,信用账户可以参与逆回购吗？
债券怎么购买_债券购买渠道_怎么选债券,信用账户可以参与逆回购吗？
债券在二级市场中靠什么获取差价,信用账户交易允许市价委托吗？
债券有涨跌幅限制么？上海证券交易所交易规则是什么？,新三板股票申报价格是否有涨跌幅限制？
债券新手提问：请问新债是如何申购的？ 步骤是跟申购新股一样吗？,信用账户的现金资产为何不能进行新股中签款缴款？
债券新手提问：请问新债是如何申购的？ 步骤是跟申购新股一样吗？,新股上市前一交易日晚上能否提前下单？
债券逆回购如何操作 债券逆回购手续费是多少,为什么资金可用不可取？
债券看懂了再买也来得及吗,信用账户可以参与逆回购吗？
债券开户有哪些流程？,信用账户三方存管的银行有哪些？
债券交易为什么能赚钱？如果用到期利率把所有收益折现得到的现值...,信用账户可以购买非标的证券吗？
债券回购如何做,为什么资金可用不可取？
窄点换热技术中最小传热温差怎么定啊？拜托各位大神,新股申购的市值计算范围？
窄点换热技术中最小传热温差怎么定啊？拜托各位大神,新股上市首日接受市价委托吗？
增发新股申购委托能否撤单?增发新股最小申购单位是“股”还是“手...,新股申购可以撤单吗？
增发新股上市首日有涨幅限制吗？――股市听涛16619――东方财富网...,新股上市首日有涨跌幅限制吗？
怎样自己开通手机委托方式这个权限,网上委托权限如何开通？
怎样注销封闭式基金？已注销的封闭式基金账户可以恢复吗？,信用证券账户可以注销后重新开户吗？
怎样制定个人理财规划,信用账户卖出证券得到现金想自动偿还负债，怎么办？
怎样在网下申购新股,信用账户如何申购新股？
怎样在网下申购新股,新股申购的条件？
怎样在网上申购新股 如何在网上申购新股,新股申购可以撤单吗？
怎样在网上买卖股票？,银证转账的时间？
怎样在网上登记本人d 日！电信卡能不能在网上实名制登记！,自助开户后如何补办三方存管？
怎样在网上查广东发展银行理财通卡金额,自助开户后如何补办三方存管？
怎样在同一个电脑上登录多个微信号,同一个账号允许在不同的手机上同时登录吗？
怎样在沪市申购新股 如在沪市申购新股（网上）该如何操作？谢谢！！,信用账户如何查询新股申购额度？
怎样在沪市申购新股 如在沪市申购新股（网上）该如何操作？谢谢！！,新股申购有数量要求吗？
怎样在沪市申购新股 如在沪市申购新股（网上）该如何操作？谢谢！！,新股申购有何注意事项？
怎样在沪市申购新股 如在沪市申购新股（网上）该如何操作？谢谢！！,新股申购市值会合并计算多个证券账户的吗？
怎样在沪市申购新股 如在沪市申购新股（网上）该如何操作？谢谢！！,新股申购的配号规则？
怎样学会申购新股doc下载,新股申购时会冻结资金吗？
怎样学会申购新股,新股申购时会冻结资金吗？
怎样选择基金？选购债券基金注意事项,新股申购有何注意事项？
怎样新股申购？解读2016年新股申购操作流程,信用账户的股票可以申购ETF基金吗？
怎样委托律师,网上委托权限如何取消？
怎样投资理财基金分册,新股申购有何注意事项？
怎样刷钻,信用账户如何查询新股申购额度？
怎样使用招商银行一卡通？,未办理外币银证转账业务的客户如何取款？
怎样使用信用账户控制仓位――入市准备173723――东方财富网博客...,信用账户的使用限制
怎样使用信用账户控制仓位――2013年理性投资收益双月报41420――...,信用账户的使用限制
怎样申购新股？需冻结多少资金？是该股发行价1000股的金额吗？,新股申购时会冻结资金吗？
"怎样申购新股,打新股,如何申购新股",信用账户如何查询新股申购额度？
怎样申购新股 怎样申购新股,新股申购有数量要求吗？
怎样申购新股 怎样申购新股,新股申购可以撤单吗？
怎样申购新股 怎样申购新股,新股申购的条件？
怎样申购新股 怎样申购新股,新股申购的市值计算范围？
怎样申购新股,新股申购的配号规则？
"怎样申购经济适用房,申购经济适用房的程序是什么？",网上申购的数量有何限制？
"怎样设置约定账户,信用卡到期时自动划款？ C 安居客房产问答",信用账户开立后何时生效？
怎样融资买入股票 招商银行如何融资买入股票,信用账户卖出证券得到现金想自动偿还负债，怎么办？
"怎样买新股,买新股需要注意什么？",新股申购可以撤单吗？
怎样买入新股,新股上市首日委托买入为何作废？
"怎样买期货,为什么总提示资金不足,但已有足够的资时",为什么资金可用不可取？
"怎样买期货,为什么总提示资金不足,但已有足够的资时",为何账户有资金无法转出？
怎样买股票？如何买股票？开户？,银证转账的时间？
怎样买到ipo新股 ipo上市公司新股怎样才能买到？,新股上市前一交易日晚上能否提前下单？
怎样看新股申购成功 怎么看新股有没有申购成功,新股申购有数量要求吗？
怎样看新股申购成功 怎么看新股有没有申购成功,新股申购有何注意事项？
怎样看新股申购成功 怎么看新股有没有申购成功,新股申购时会冻结资金吗？
怎样看新股申购成功 怎么看新股有没有申购成功,新股上市前一交易日晚上能否提前下单？
怎样看待停牌重整后又复牌的一般股票停牌多久复牌,信用账户可以购买ST股票吗？
怎样开通新三板,新三板权限开通流程？
怎样开通网上银行电子商务功能？,网上委托权限如何开通？
怎样开通融资融券,信用账户可以操作要约收购吗？
怎样开通创业板权限,新三板权限开通流程？
怎样开通创业板交易权限？,新三板权限开通流程？
怎样开通st板块交易 信达证券st怎么开户,信用账户可以购买ST股票吗？
怎样开立证券账户如题,信用账户开立后何时生效？
怎样进行股票账户的转户,为何账户有资金无法转出？
怎样结合新三板市场,新三板市场是如何披露信息？
怎样防止个人信息泄露？这八大注意你不得不看！,自助开户后如何补办三方存管？
怎样打新股票？流程详解,信用账户如何查询新股申购额度？
"怎样打新股 新股申购详细流程,中信证券北京建国门证券营业部",信用账户如何申购新股？
怎样打新股 2017年新股申购新规则详解,新股申购有数量要求吗？
怎样打新股 2017年新股申购新规则详解,新股申购的市值计算范围？
怎样打新股 2017年新股申购新规则详解,网上申购的数量有何限制？
怎样打新,信用账户对应银行的券商代码？
怎样打新,新股申购有数量要求吗？
怎样打新,新股申购的条件？
怎样搭乘深港通“列车”,网上委托权限如何开通？
怎样查询新股中签,新股中签会有短信通知吗？
怎样查询新股申购是否中签？,新股申购时会冻结资金吗？
怎样查询新股申购的配号？,新股申购的配号规则？
怎样才能学好证券基础知识和证券交易这两门？,信用账户交易允许市价委托吗？
"怎样才能突破公司网权限？平时公司的电脑只能上内部网,自己想安装...",网上委托权限如何开通？
"怎样才能使用蚂蚁花呗,使用蚂蚁花呗的条件有哪些",信用账户开通条件
怎样才能申购新股？如何才能拥有新股申购资格？【图】,新股申购的条件？
怎样才能轻松进行新股申购？自动申购悄然而来,新股中签会有短信通知吗？
怎样才能开一家赚钱的情侣礼品店呢？,信用账户卖出证券得到现金想自动偿还负债，怎么办？
怎样才可以申购新股 2018年新股申购条件,新股申购的条件？
怎样才可以申购新股,新股申购的配号规则？
怎样才看到我的新股申购配号 爱问知识人,新股申购的配号规则？
怎样变更第三方存管对应的银行存款账户财经,信用账户三方存管的银行有哪些？
怎样变更第三方存管对应的银行存款账户,信用账户三方存管的银行有哪些？
怎样办理网上银行？网上银行能银证转账吗？怎样办理手机银行？,银证转账的时间？
怎样办理刷美元pos机 有那个知道银行的POS机怎么办理？,信用账户开通条件
怎样办理民生银行联名卡,未办理外币银证转账业务的客户如何取款？
怎样办理挂失和办理电话委托开户手续,信用证券账户卡遗失应如何处理？
怎样办理封闭式基金的申购？封闭式基金的申购步骤以及注意事项是什...,新股申购受限后，到期是否需办理解限手续？
怎样办理“第三方存管”,信用账户三方存管的银行有哪些？
怎样把银行卡里的钱转到证券卡,银证转账的时间？
怎样把信用账户股票转到普通账户,信用账户开通条件
怎样把手机同一个手机号的微信换成另一个号登录,同一个账号允许在不同的手机上同时登录吗？
"怎样按市值配售新股 什么叫二级市场投资者按市值配售新股,产生背景...",信用账户如何申购新股？
"怎样按市值配售新股 什么叫二级市场投资者按市值配售新股,产生背景...",信用账户如何操作配股？
"怎样按市值配售新股 什么叫二级市场投资者按市值配售新股,产生背景...",信用账户的现金资产为何不能进行新股中签款缴款？
"怎样按市值配售新股 什么叫二级市场投资者按市值配售新股,产生背景...",新股申购市值会合并计算多个证券账户的吗？
怎么做国债逆回购,信用账户可以参与逆回购吗？
怎么注销我的上海银行信用卡？,信用账户销户条件？
怎么注销来分期账户|怎么注销来分期账户|如何注销来分期,信用账户资金无法转出的原因
怎么注销拉菲平台的支付宝,新三板股票的即时行情包含哪些要素？
怎么知道自己的账户能不能买st的股票,信用账户可以购买ST股票吗？
怎么知道哪只股票能做融资融券有什么标志吗？,新三板可以做融资融券交易吗？
怎么这么多人不知道预受要约程序啊！赶紧补课！,信用账户可以操作要约收购吗？
怎么账号和手机号都忘了呢？有哪些注意事项,手机账号忘记了怎么办
怎么增加打新股的额度,信用账户如何查询新股申购额度？
怎么增加打新股的额度,新股申购市值会合并计算多个证券账户的吗？
怎么增加打新股的额度,新股申购的市值计算范围？
怎么在一部手机上安装两个不同版本的微信？,同一个账号允许在不同的手机上同时登录吗？
怎么在手机上修改华泰涨乐财富通手机版里面交易密码,新三板可以做融资融券交易吗？
"怎么在手机上开股票账户,选择哪家公司交易佣金最低",新三板可以做融资融券交易吗？
怎么在手机上操作三方存管银行变更业务,网下打新缴款账号是否需与三方存管银行账号一致？
怎么在内地炒港股 内地如何投资港股 内地能买港股吗,信用账户的股票可以申购ETF基金吗？
怎么在股票账户做逆回购,为什么资金可用不可取？
怎么用手机申请开通阿里信用卡花呗,信用账户可以网上开通吗？
怎么用融资融券融资炒股先试后用,新三板可以做融资融券交易吗？
"怎么用两个不同手机换号登录携程,却能在一个账号上看到另一账号的...",同一个账号允许在不同的手机上同时登录吗？
怎么一手机开多微信账号密码忘记了怎么办,手机账户密码忘记了怎么办
怎么一手机开多微信账号密码忘记了怎么办,手机账号忘记了怎么办
怎么样用广发证券的软件申购新股,新股申购可以撤单吗？
怎么样调查婚外情取证有法律效力？有营业执照的信息咨询公司取得的...,投诉上市公司什么样的证据合法有效？
怎么样能够提高中新股的几率？,新股申购可以撤单吗？
怎么样可以快速追进一字板涨停票?怎么才样可以买到新股?你不知道...,新股上市前一交易日晚上能否提前下单？
怎么样看股票的涨跌【股票申购新股的条件】中国财富网,新股申购的条件？
"怎么样价值投资,实盘讨论",信用账户如何操作配股？
怎么样才能买ST股,信用账户可以购买ST股票吗？
怎么样把湘财证券资金账户里的资金转账出来？,银证转账的时间？
怎么样把湘财证券资金账户里的资金转账出来？,新三版股票转让的计价单位？
怎么选择最适合自己的券商？,信用账户可以购买ST股票吗？
怎么修改银证转帐的储蓄密码,银证转账的时间？
怎么修改银证转帐的储蓄密码,未办理外币银证转账业务的客户如何取款？
"怎么修改华为手机账号,忘了密码",手机账号忘记了怎么办
怎么投资新三板市场,新三板市场是如何披露信息？
怎么同一个账号可以用两个不同的密码登录？求解！,同一个账号允许在不同的手机上同时登录吗？
怎么提高股票中签率？如何打新股？,新股申购市值会合并计算多个证券账户的吗？
怎么算手续费佣金和印花税 C 安居客房产问答,佣金与手续费的区别？
怎么算大发快三 | 时时彩数据分析器,新股申购受限后，到期是否需办理解限手续？
怎么申请新三板挂牌以及挂牌需要时间多久,新三板挂牌申请需要多少时间？
"怎么申购型股,申购新股的条件是什么",信用账户如何申购新股？
"怎么申购型股,申购新股的条件是什么",新股申购的条件？
怎么申购新股流程 申购新股有哪些新规,信用账户如何申购新股？
怎么申购新股?怎么查询中签、交款,新股中签如何缴款？
怎么申购新股？（具体操作步骤）申购新股成功100%增钱吗？,新股申购有数量要求吗？
怎么申购新股、打新、新股申购技巧....,信用账户如何申购新股？
怎么申购新股、打新、新股申购技巧....,同一新股可多次申购吗？
怎么申购新股、打新、新股申购技巧,同一新股可多次申购吗？
怎么申购新股、打新、申购新股技巧,同一新股可多次申购吗？
"怎么申购新股,如何查询中签",新股申购的条件？
"怎么申购新股,打新的流程是怎么样的",新股上市前一交易日晚上能否提前下单？
怎么申购新股 新股申购攻略,新股申购可以撤单吗？
怎么申购私募基金 7个步骤教你做老司机,新股申购受限后，到期是否需办理解限手续？
怎么设置同一时间只允许在一台手机上登录支付宝,同一个账号允许在不同的手机上同时登录吗？
怎么上网购买ST股票 购买有何投资风险,信用账户可以购买ST股票吗？
怎么融资融券买不了股票,信用账户可以购买非标的证券吗？
怎么去证券公司开通股票账户,网上委托权限如何开通？
怎么取消证券账户卡？,信用证券账户可以注销后重新开户吗？
怎么取消三方存管,网下打新缴款账号是否需与三方存管银行账号一致？
怎么取消禁止在的电脑上安装程序的设置,网上委托权限如何取消？
怎么区分P2P渠道是不是真正做了银行资金存管,信用账户三方存管的银行有哪些？
怎么巧妙处理信用卡的溢缴款,信用账户资金无法转出的原因
怎么能在一个小米手机上同时登录两个账号游戏,同一个账号允许在不同的手机上同时登录吗？
怎么能把手机上的便签内容传到另一个手机上呢？|电脑手机云同步桌面...,同一个账号允许在不同的手机上同时登录吗？
怎么那么多客户信用交易担保证券账户这是什么意思？,信用账户可以交易哪些股票？
"怎么灭蚂蚁在同一手机登录两个蚂蚁通账号,求告知",同一个账号允许在不同的手机上同时登录吗？
怎么卖新股！ 中签的散户都来看：怎样让中签的002858股票达到利益...,新股中签如何缴款？
怎么买新三板股票答案汇总,新三板股票申报价格是否有涨跌幅限制？
怎么买新三板的原始股 新三板原始股交易规则,新三板股票的编码规则？
怎么买新三板的股票代办新三板开户企业在新三板开户流程―崇文―...,新三板权限开通流程？
怎么买新三板的股票代办新三板开户企业在新三板开户流程―崇文―...,新三板股价变动单位？
怎么买新股申购？买新股的注意事项_股票入门,新股申购有何注意事项？
怎么买新股申购？买新股的注意事项_股票入门,新股申购时会冻结资金吗？
怎么买新股申购？买新股的注意事项_股票入门,新股申购可以撤单吗？
怎么买新股？新股申购的条件是什么？,新股申购有数量要求吗？
怎么买新股？新股申购的条件是什么？,新股申购的条件？
怎么买新股？如何购买新股？,新股上市前一交易日晚上能否提前下单？
怎么买卖创业板股票？简述创业板股票交易基本要素,信用账户交易允许市价委托吗？
怎么买快手股票？港股交易费用怎么算？,网上委托权限如何开通？
怎么可以俩个手机同时登陆一个微信账号吗,同一个账号允许在不同的手机上同时登录吗？
怎么看有没有中签|打新股中签号查询方法汇总,新股中签会有短信通知吗？
怎么看新三板的股票,新三板上市的股票可以转到主板交易吗？
怎么看新三板的股票,新三板股票进行交易的系统有哪些？
怎么看新股中签没？,新股中签会有短信通知吗？
怎么看时时彩走势,网下打新资格是否支持在多家券商间使用？
怎么看股票属于哪个交易所,新股上市首日接受市价委托吗？
怎么看公司配股说明书？简述公司配股说明书要点,信用账户如何操作配股？
怎么开信用卡？需要什么条件？,信用账户开通条件
怎么开通新三板账户权限,新三板权限开通流程？
怎么开通新三板,新三板权限开通流程？
怎么开通融资融券账户呢？,信用账户开通条件
怎么开通平安银行第三方存管业务？,信用账户三方存管的银行有哪些？
怎么开通ST股票,信用账户可以购买ST股票吗？
"怎么开立股票帐户,怎么转证券帐户？长沙哪个证券公司手",自助开户后如何补办三方存管？
怎么进行新股申购 股票开盘时间是几点_股票入门,信用账户如何申购新股？
怎么计算自己可以申购的新股数啊？ | 好人好股商学院,信用账户如何查询新股申购额度？
怎么计算自己可以申购的新股数啊？ | 好人好股商学院,新股申购市值会合并计算多个证券账户的吗？
怎么计算自己可以申购的新股数啊？ | 好人好股商学院,新股申购的市值计算范围？
怎么计算新股申购额度？,信用账户如何查询新股申购额度？
"怎么计算申购新股的数量,怎么计算申购新股的数量资讯",新股申购有数量要求吗？
"怎么获得新股申购的额度,2016新股申购的新规你知道吗？解读",信用账户如何申购新股？
"怎么获得新股申购的额度,2016新股申购的新规你知道吗？解读",新股申购有数量要求吗？
"怎么获得新股申购的额度,2016新股申购的新规你知道吗？解读",新股申购的条件？
"怎么获得新股申购的额度,2016新股申购的新规你知道吗？解读",新股申购的市值计算范围？
怎么方便办理香港银行开户 需要什么条件【今日推荐网】,信用账户开通条件
怎么打新股？（A股）？,信用账户如何查询新股申购额度？
怎么打新股？（A股）？,信用账户对应银行的券商代码？
怎么打新股？（A股）？,新股申购的市值计算范围？
怎么打新股？（A股）？,新股上市首日接受市价委托吗？
怎么打新股？（A股）？,新股上市前一交易日晚上能否提前下单？
怎么从平面图判断承重墙,新股申购何时可以挂单?
"怎么查询新股申购额度,怎么查询新股申购额度帖子问答",信用账户如何查询新股申购额度？
怎么查信用卡开户网点？,信用账户可以网上开通吗？
怎么查新股中签,新股中签如何缴款？
"怎么查看新股申购成功,怎么查看新股申购成功资讯",信用账户如何查询新股申购额度？
怎么参加网下打新 网下打新的流程是什么需要什么条件,信用账户的现金资产为何不能进行新股中签款缴款？
怎么参加网下打新 网下打新的流程是什么需要什么条件,信用账户的股票可以申购ETF基金吗？
怎么参加网下打新 网下打新的流程是什么需要什么条件,新三板权限开通流程？
怎么参加网下打新 网下打新的流程是什么需要什么条件,新股中签，未及时缴款有什么影响？
怎么参加网下打新 网下打新的流程是什么需要什么条件,网下打新的备案条件？
怎么才能知道新股申购情况到底成功与否？_新股_全球,新股申购可以撤单吗？
怎么才能知道新股申购情况到底成功与否？_新股_全球,同一新股可多次申购吗？
怎么才能有新股申购份额 金额申购 份额赎回,信用账户如何查询新股申购额度？
怎么才能有新股申购份额 金额申购 份额赎回,新股申购有数量要求吗？
怎么才能申购新股doc下载,信用账户如何申购新股？
怎么才能申购新股？新股申购流程介绍_新股_全球,信用账户如何申购新股？
怎么才能申购新股？新股申购流程介绍_新股_全球,信用账户如何查询新股申购额度？
"怎么才能申购新股,新股申购流程介绍",信用账户如何申购新股？
"怎么才能申购新股,新股申购流程",信用账户如何查询新股申购额度？
怎么才能买到新股？！_大智慧下载,新股申购何时可以挂单?
怎么才能买到新股？！_大智慧下载,新股上市首日委托买入为何作废？
怎么才能看到自己有多少新股申购的额度？我是用同...,新股申购有数量要求吗？
"怎么办支付宝：支付宝中的 33 万元资金被莫名冻结,怎么办？ 怎么办...",信用账户资金无法转出的原因
怎么办理机构证券开户？哪些银行可以办理第三方存管？,信用账户三方存管的银行有哪些？
怎么办理房屋委托书公证？,网上委托权限如何取消？
怎么办？美的股票增发的问题,新股上市首日委托买入为何作废？
怎么把银行账户的钱转入证券账户 信息评论,证券转银行为什么转不了？
怎么把股票资金帐号里的钱转到银行卡？,为何账户有资金无法转出？
"遭遇暴力催收,如何保留证据投诉他们？",投诉上市公司什么样的证据合法有效？
"在重庆解放碑这个地方有哪些券商的佣金比较低,【今日推荐网",佣金与手续费的区别？
在中银消费金融提现失败了？看看是不是这5个原因！,转账失败的原因？
"在中国股市上,为什么打新收益会如此确定？",新股申购的市值计算范围？
在知乎上怎样赚钱,新三板股票的即时行情包含哪些要素？
在余额宝存多少钱才算合适？,新三板可以做融资融券交易吗？
在银行和券商分别购买一家基金公司的不同基金可以吗？会造成在一家...,网下打新资格是否支持在多家券商间使用？
在信用账户买股票和在普通账户有不同吗,信用账户可以交易哪些股票？
在信用账户里融资买入股票后接着卖出自己原有相同股票后者费用如何...,信用账户如何操作配股？
在信达证券开户 佣金手续费 是按多少收取的,佣金与手续费的区别？
在新三板上市的原始股什么时候可以交易?,新三板交易时间？
"在新三板挂牌对企业有什么好处？在新三板开户之后,就能购买新三板...",新三板股价变动单位？
"在新三板的交易规则中,股价变动单位是什么样子的呢？ | 三板富",新三板股票的编码规则？
"在新三板的交易规则中,股价变动单位是什么样子的呢？ | 三板富",新三板股价变动单位？
在新股上市首日的前一天能够进行委托买入新股吗？,新股上市首日委托买入为何作废？
在小学边卖什么赚钱,新三板协议转让有哪些成交情况？
在线等在农行怎么开通网上银行？,未办理外币银证转账业务的客户如何取款？
在我国机构新三板开户条件是怎样的,信用账户对应银行的券商代码？
在网上怎么查建行信用卡绑定的还款银行卡卡号,信用账户开通条件
在天风证券网上开户炒股开户方便吗？,信用账户可以参与逆回购吗？
在手机上能注消没用过的信用卡吗,信用账户销户条件？
"在什么情况下,客户可以提取信用账户中的担保物？",信用账户可以操作要约收购吗？
在深圳农村商业银行办一张卡要什么条件？多少钱？急_已解决,未办理外币银证转账业务的客户如何取款？
"在申购新股时,怎样知道自己的配号？",新股申购的配号规则？
"在申购新股时,如何知道自己的配号？",新股申购的配号规则？
在申报方面有哪些注意事项？,网下打新申报价格有什么规定？
在三板买的股票被借壳上市后一年内不允许卖吗？,新三板上市的股票可以转到主板交易吗？
在期货市场。佣金和手续费有分别吗？,佣金与手续费的区别？
"在哪家证券开户好,我是小白说简单点,我在深圳的？",新股上市首日委托买入为何作废？
"在目前A股新股申购规则下,怎样可以提高中签率,增加打新收益？",新股申购何时可以挂单?
"在目前A股新股申购规则下,怎样可以提高中签率,增加打新收益？",新股申购的配号规则？
在美国投资房产有什么要求和注意事项？,信用账户交易允许市价委托吗？
"在吗,手机恢复出厂设置,账号密码忘了怎么办",手机账户密码忘记了怎么办
"在吗,手机恢复出厂设置,账号密码忘了怎么办",手机账号忘记了怎么办
在立金所交易为什么有时候提现会失败？,转账失败的原因？
在玖盈贷申请取现为什么会失败？,转账失败的原因？
在建设银行开基本帐户经办人授权委托书怎么写？,信用账户对应银行的券商代码？
在加拿大：当信用账号被盗怎么办―顺顺留学,信用账户的使用限制
在加拿大：当信用账号被盗怎么办？,信用账户的使用限制
在贵金属投资行业什么是资金第三方存管,信用账户三方存管的银行有哪些？
在德国留学如何省钱？,自助开户后如何补办三方存管？
"在当前限制打新股政策下,整个打新股抛出的时间节点与把握上？如何...",信用账户如何查询新股申购额度？
"在大陆如何买港股,怎么开户？有什么条件和要求吗？",网下打新资格是否支持在多家券商间使用？
在大丰收金融用户忘记交易密码怎么办？,忘记交易密码怎么办？
在出售角色时忘记了交易密码怎么办？,忘记交易密码怎么办？
在成都哪里炒股最方便最划算？,新股中签会有短信通知吗？
"在不同的手机应用市场下载的同一个游戏为什么不一样,服务器有区...",同一个账号允许在不同的手机上同时登录吗？
"在北京工作了两年,现在跳槽到了广州,社保公积金该如何办理？",新股申购受限后，到期是否需办理解限手续？
在lol里一个帐号能同时在不同的区玩吗,同一个账号允许在不同的手机上同时登录吗？
再审申请人任??与被申请人王??股权转让纠纷一案,新三版股票转让的计价单位？
运营一支CBA球队要花多少钱？两家挂牌新三板的俱乐部交出答卷,新三板挂牌申请需要多少时间？
运动手环账户忘记密码怎么办？怎么查找回来,手机账户密码忘记了怎么办
孕妇白带有点黄正常吗孕妇白带清洁度2 www.520sbsb.com 青春试爱...,新股申购有何注意事项？
陨石拍卖的手续费是多少 哪里可以免费拍卖,佣金与手续费的区别？
允许异地同时登录和不允许异地同时登录技术上有什么区别？二者的安...,同一个账号允许在不同的手机上同时登录吗？
云南新三板怎么开户哪些条件才能开户,新三版股票转让的计价单位？
云南新三板怎么开户哪些条件才能开户,新三板股价变动单位？
云南新三板机构户怎么开要开户的时间及流程,新三板交易时间？
云南农行的银证转账到底要什么时候才能恢复？,银证转账的时间？
粤微盘交易密码、资金密码和电话密码忘记了怎样找回,忘记资金密码怎么办？
粤微盘交易密码、资金密码和电话密码忘记了怎样找回,忘记交易密码怎么办？
粤微盘交易密码、资金密码和电话密码忘记了怎么办,忘记资金密码怎么办？
"月石点金：新三板,国家大力扶持项目,你懂多少？|投资英雄",新三板股票申报价格是否有涨跌幅限制？
原油走势如何,新股上市首日有涨跌幅限制吗？
原油有点差与无点差区别在哪里？合乐返佣网,佣金与手续费的区别？
原油投资开户安全吗？资金有保障吗？,信用账户三方存管的银行有哪些？
原油投资开户安全吗,信用账户三方存管的银行有哪些？
原先绑定的手机号码忘记了怎么办？我现在怎..,手机账号忘记了怎么办
原始股新三板怎么交易 十万个为什么,新三板上市的股票可以转到主板交易吗？
"原来的手机号码忘了,怎样解除QQ的手机绑定？",手机账号忘记了怎么办
原告中顺洁?????有限公司因与被告李??侵害商标权纠纷一案,投诉上市公司什么样的证据合法有效？
原告张?与被告招商证券股份有限公司?????区浦东南路证券营...,信用账户如何申购新股？
原告王??诉被告烟台?????政局财政行政管理一案,信用账户销户条件？
原告刘?诉被告靖江市碧桂?????发有限公司商品房预售合同纠纷...,投诉上市公司什么样的证据合法有效？
原告黄??诉被告中国中投证券有限责任公司上海杨浦区黄兴路证券营...,信用账户卖出证券得到现金想自动偿还负债，怎么办？
原告黄??诉被告中国中投证券有限责任公司上海杨浦区黄兴路证券营...,信用账户的股票可以申购ETF基金吗？
原告广发银行?????司上海分行诉被告王??、谢??金融借款...,信用账户开立后何时生效？
原告广东奥飞?????份有限公司与被告董??侵害外观设计专利权...,投诉上市公司什么样的证据合法有效？
原告陈??与被告陈??合同纠纷一案,网上委托权限如何取消？
"员工调岗后后悔,如何处理？",投诉上市公司什么样的证据合法有效？
员工如何将手中新三板协议转让股票卖出 怎么套现？,新三板上市的股票可以转到主板交易吗？
员工认购公司新三板股票有什么风险？,新三板股价变动单位？
员工认购公司新三板股票有什么风险,新三板股票申报价格是否有涨跌幅限制？
员工认购公司新三板股票有什么风险,新三板股票进行交易的系统有哪些？
元月29日有2018年1月4日新股申购购吗,新股中签如何缴款？
元月29日有2018年1月4日新股申购购吗,新股中签会有短信通知吗？
元月29日有2018年1月4日新股申购购吗,新股中签，未及时缴款有什么影响？
元宝交易密码忘了怎么办,忘记交易密码怎么办？
"元宝交易密码忘记了怎么办呀,哭~~~~~~",忘记交易密码怎么办？
豫新科技836728这票怎么样？,新三板股票协议转让的申报类型？
"遇到受限制的新三板投资者,有哪些注意事项？",新三板的投资者有哪些？
"玉溪田园多少钱一包,打新股中签技巧,新股中签后",新股申购何时可以挂单?
宇汇国际网：福汇多个账户转账不成功是什么原因,转账失败的原因？
宇汇国际网：福汇多个账户之间转账不成功是什么原因？,转账失败的原因？
与证券账户绑定的银行卡 长时间不用 会自动注销吗？_已解决,信用证券账户可以注销后重新开户吗？
与证券账户绑定的银行卡 长时间不用 会自动注销吗？,信用证券账户可以注销后重新开户吗？
与证券账户绑定的银行卡 长时间不用 会自动注销吗,银证转账的时间？
